{"GBR": [7274.681968763821, 10492.398381395566, 4146.36285377815, 16866.744290687093, 1546.1141196618487, 10657.865737078622, 2959.429418386007, 5662.6569976473775, 4853.572303053435, 5925.225680740956, 6957.795038542266, 22219.87421694568, 13369.261660268687, 5388.065786683827, 10883.998261020144, 7404.97114470035, 7475.957729050238, 1920.4048075973008, 1690.7849083481317, 2849.1916983691426, 11862.083260740921, 11623.754192461132, 26792.369812833775, 9373.586008543274, 8228.878969384894, 12556.726626106536, 7450.833417820253, 7472.911758208412, 4189.742517838717, 10768.0216928213, 7176.563691670831, 14017.614758458893, 6265.2317199350955, 14081.691626531197, 13790.140628698568, 6532.164369175753, 3239.297692065167, 23633.75065511416, 5274.020020436372, 9844.929104801886, 8812.24377961573, 17638.987082018466, 11139.392555926739, 9582.699104307701, 5950.278460873276, 19849.379561360307, 4763.102439509094, 5009.35178172965, 9076.840239662579, 13842.802440336944, 4362.001138006487, 9679.154750568669, 6814.826161920807, 6215.1805258647455, 28022.62945096844, 11156.456874347763, 5278.4520766889655, 9772.609477098527, 2149.043830942788, 2241.043280052813, 2563.6975114034003, 2881.699515483661, 5883.242275100245, 16119.498526936199, 1984.2218118194426, 9457.736426991296, 6345.086795090896, 1826.4719794546993, 2716.153394622582, 5629.570788135439, 8686.160080977885, 6066.152246232048, 11725.947636006249, 6989.060427688117, 2428.3943598299147, 11615.560614666521, 3987.9499299277813, 2515.908003960591, 10723.021356571631, 2376.367878596525, 18866.673888067897, 4892.604196420594, 7075.679944206999, 6738.278872148133, 9716.61857043018, 15203.931637342295, 7638.3317144530365, 14551.484304890238, 7377.568934093496, 9648.490067144012, 5590.14347903172, 4037.112559025779, 12622.427223751343, 5561.932695264603, 12475.087654584644, 5570.707643642187, 6578.520961288521, 4575.777982744548, 16808.978438417704, 6382.765825866404, 2774.566025934412, 7367.2662657644505, 7460.7160721449145, 10624.430127895213, 10483.703366031057, 8321.369239974034, 5408.369512556401, 6924.627707596071, 6415.173842442332, 5581.871277121236, 1452.7770363503132, 8575.096304940753, 16420.6217087341, 7658.466859390427, 2255.8016174915015, 6041.12497627543, 5780.38513886052, 8131.818160563114, 11399.517430510434, 13671.746265950851, 6532.352697548252], "XGB": [7172.54052734375, 9463.44140625, 4425.02783203125, 15965.478515625, 1089.46533203125, 11303.1484375, 2866.052734375, 5506.38818359375, 5080.693359375, 5415.24365234375, 5538.2900390625, 24251.361328125, 13915.1220703125, 5451.45166015625, 11036.775390625, 7813.732421875, 7659.5, 1707.453125, 1604.1600341796875, 1583.437255859375, 11931.232421875, 12829.033203125, 29598.171875, 9189.11328125, 9520.84765625, 13873.70703125, 7731.59716796875, 6801.4853515625, 3556.421630859375, 12507.0576171875, 7320.6162109375, 14725.7880859375, 5899.88330078125, 12966.9326171875, 12963.08984375, 6939.85595703125, 2625.920654296875, 28180.419921875, 4983.46630859375, 11578.3232421875, 9612.1875, 20216.552734375, 13314.685546875, 9887.740234375, 6470.76953125, 20003.115234375, 3613.283447265625, 5480.916015625, 10071.1494140625, 14957.083984375, 3971.0810546875, 10275.9619140625, 8709.4521484375, 6103.86767578125, 28244.1640625, 11053.6005859375, 5661.1806640625, 10917.4267578125, 1510.1258544921875, 1766.3782958984375, 2351.260498046875, 2542.53076171875, 6526.77978515625, 16958.494140625, 1460.2254638671875, 9453.54296875, 5311.38720703125, 1163.393310546875, 2191.45947265625, 5232.27734375, 8338.5390625, 6206.67138671875, 10562.58984375, 7115.1611328125, 998.85546875, 11618.6904296875, 3076.660400390625, 1914.2025146484375, 10951.25390625, 2026.2489013671875, 20114.51953125, 5629.59765625, 6826.31640625, 5191.36572265625, 10388.130859375, 14674.455078125, 8423.9921875, 14924.607421875, 7532.69140625, 10636.2705078125, 5320.2607421875, 3789.878173828125, 12218.0849609375, 4443.462890625, 13338.6494140625, 5624.02490234375, 7163.79833984375, 4109.93359375, 19112.90234375, 7465.0732421875, 2230.02734375, 6250.90576171875, 8060.5341796875, 10416.955078125, 10819.662109375, 7735.59423828125, 5633.3662109375, 5222.71875, 6928.72900390625, 5600.17529296875, 649.0216064453125, 9758.2890625, 19006.42578125, 7003.65771484375, 1711.4139404296875, 6210.802734375, 6361.5791015625, 7339.6845703125, 11371.763671875, 13779.7197265625, 6330.30224609375], "KNN": [4180.37778211199, 12343.244342209553, 3363.202156594067, 14964.031044206426, 1820.7070090175887, 11010.121634913445, 2354.7674195140976, 4518.387587379705, 9103.365358389505, 5577.686867043419, 7700.737367171875, 16320.382835046204, 14010.167532001245, 8189.22622463293, 10933.077625092817, 8490.989841995894, 5199.641610842826, 2304.7847895330183, 1185.7648798162854, 3063.0534857362513, 11419.536445083888, 11351.744869226843, 18251.83839775981, 9947.442691145325, 10841.811675985453, 18479.156785008003, 5534.810116533579, 8647.372386129944, 4578.243534506157, 12797.979032838764, 7417.192497193039, 10865.020058083062, 5831.206494599743, 9179.674368053436, 11448.605510371508, 5277.53076955543, 1120.2212444044662, 17824.288407841195, 7978.51444895001, 8382.747561790684, 8436.436892688314, 15544.301036902967, 9952.431590489898, 13287.962732732902, 7537.720737173326, 14648.798985008034, 3519.8083546416287, 1813.2384093564506, 14893.275138641651, 7900.550504667983, 6064.373535862362, 10283.139519377255, 5352.707534346309, 8238.667190382494, 27785.317556398302, 12156.328236537907, 4756.19929358714, 8629.334054105091, 595.3325076305666, 1175.841753839623, 3944.570407985053, 4746.778918784557, 5540.256496128315, 15044.552798371054, 1274.6179969042616, 8347.56981403011, 5020.803022755715, 1696.0170352376617, 2974.0896280371567, 5366.879773584405, 6931.271238722413, 4757.206099080044, 7607.979709821289, 7664.776637418512, 2481.342501119673, 8806.2041348199, 3684.9303616299017, 3454.7398752671966, 6442.165206328836, 2046.9475020050193, 18925.643619751267, 7990.268662479022, 7830.755004096235, 7671.4721928535655, 19349.929546066527, 18122.46606920864, 5907.978357213131, 12547.265200505783, 7587.763258679248, 14873.60653578629, 5328.11174894347, 8013.877291656129, 16535.976742481093, 10427.800361905232, 9221.122171608422, 4530.55749754175, 7914.960102127214, 7597.905143091331, 15394.52930619846, 7259.213628206428, 3633.0172202484678, 6332.167927232801, 5423.69416130858, 9185.028813351182, 11652.256369623574, 5485.413095565839, 4179.403351353282, 5655.469396412043, 6834.7755642826105, 7184.962879027054, 1425.8302498812002, 8096.785839744608, 15284.646129592415, 6624.881936057358, 1765.872096637738, 6559.3886611448515, 7216.37926980447, 9096.659931874356, 10050.727501765608, 12214.28769348884, 5893.8322168712475],